,Iterations,Fitness,Time,State,runner_name,pop_size,keep_pct,Population Size,Keep Percent
0,1,1162.6258384881542,2.787278807,"[20  3  9 23 27 15  0 19 10  4  1 12 22  2 30  6  8 17 25 29 14 18 28 13
 31 24  5 16 26 21 11  7]",MIMIC,900,0.25,900,0.25
1,2,1162.6258384881542,5.244869232,"[20  3  9 23 27 15  0 19 10  4  1 12 22  2 30  6  8 17 25 29 14 18 28 13
 31 24  5 16 26 21 11  7]",MIMIC,900,0.25,900,0.25
2,4,1086.6937894094835,10.069824161,"[12 11 21 13 20  7 30  6 17 22  1  4 16  8 26  0 25 31 10  2  5  3 27 15
 28 19 23 18 14 29  9 24]",MIMIC,900,0.25,900,0.25
3,8,1013.2855955052938,19.677486749,"[11 20 13 10  5  0 27  1  7 21 14  6 17 25 24 28 23  3 18 22 15  2 31 19
  4 29  9 12 16  8 26 30]",MIMIC,900,0.25,900,0.25
4,16,903.2457286575792,39.08477493,"[11 20 13 27 15  5 31 26 30 21 10  6 17 25  4 28  9  3 22 24  0  2 16  8
 18 29  1 12 23 19 14  7]",MIMIC,900,0.25,900,0.25
5,32,903.2457286575792,77.762893597,"[11 20 13 27 15  5 31 26 30 21 10  6 17 25  4 28  9  3 22 24  0  2 16  8
 18 29  1 12 23 19 14  7]",MIMIC,900,0.25,900,0.25
6,64,903.2457286575792,155.05967846,"[11 20 13 27 15  5 31 26 30 21 10  6 17 25  4 28  9  3 22 24  0  2 16  8
 18 29  1 12 23 19 14  7]",MIMIC,900,0.25,900,0.25
7,128,903.2457286575792,309.987604971,"[11 20 13 27 15  5 31 26 30 21 10  6 17 25  4 28  9  3 22 24  0  2 16  8
 18 29  1 12 23 19 14  7]",MIMIC,900,0.25,900,0.25
8,256,903.2457286575792,627.828416932,"[11 20 13 27 15  5 31 26 30 21 10  6 17 25  4 28  9  3 22 24  0  2 16  8
 18 29  1 12 23 19 14  7]",MIMIC,900,0.25,900,0.25
